market_name,cftc_contract_market_code,report_date,report_date_weekday,release_date,release_at_et,available_at_utc,availability_basis,availability_source_id,open_interest_contracts,managed_money_long_contracts,managed_money_short_contracts,managed_money_spread_contracts,managed_money_net_contracts,managed_money_net_pct_open_interest,contract_unit_original,source_id,source_upstream_sha256,source_public_sha256,source_retrieved_at_utc
COCOA - ICE FUTURES U.S.,073732,2024-01-02,Tuesday,2024-01-05,2024-01-05T15:30:00-05:00,2024-01-05T20:30:00Z,cftc_ordinary_rule_estimate_not_holiday_verified,cftc_cot_methodology_page_2026_08,313986,105199,31808,64498,73391,23.3740,(CONTRACTS OF 10 METRIC TONS),cftc_disagg_futures_only_2024,5e40f60993120d26c116ab347beaf93702f5da60c7bdccbbee43cb3d0a91d01a,5e40f60993120d26c116ab347beaf93702f5da60c7bdccbbee43cb3d0a91d01a,2026-08-20T11:22:31Z
COCOA - ICE FUTURES U.S.,073732,2024-01-09,Tuesday,2024-01-12,2024-01-12T15:30:00-05:00,2024-01-12T20:30:00Z,cftc_ordinary_rule_estimate_not_holiday_verified,cftc_cot_methodology_page_2026_08,318120,101617,31356,63614,70261,22.0863,(CONTRACTS OF 10 METRIC TONS),cftc_disagg_futures_only_2024,5e40f60993120d26c116ab347beaf93702f5da60c7bdccbbee43cb3d0a91d01a,5e40f60993120d26c116ab347beaf93702f5da60c7bdccbbee43cb3d0a91d01a,2026-08-20T11:22:31Z
COCOA - ICE FUTURES U.S.,073732,2024-01-16,Tuesday,2024-01-19,2024-01-19T15:30:00-05:00,2024-01-19T20:30:00Z,cftc_ordinary_rule_estimate_not_holiday_verified,cftc_cot_methodology_page_2026_08,325589,108064,33399,65081,74665,22.9323,(CONTRACTS OF 10 METRIC TONS),cftc_disagg_futures_only_2024,5e40f60993120d26c116ab347beaf93702f5da60c7bdccbbee43cb3d0a91d01a,5e40f60993120d26c116ab347beaf93702f5da60c7bdccbbee43cb3d0a91d01a,2026-08-20T11:22:31Z
COCOA - ICE FUTURES U.S.,073732,2024-01-23,Tuesday,2024-01-26,2024-01-26T15:30:00-05:00,2024-01-26T20:30:00Z,cftc_ordinary_rule_estimate_not_holiday_verified,cftc_cot_methodology_page_2026_08,333669,117258,34686,62309,82572,24.7467,(CONTRACTS OF 10 METRIC TONS),cftc_disagg_futures_only_2024,5e40f60993120d26c116ab347beaf93702f5da60c7bdccbbee43cb3d0a91d01a,5e40f60993120d26c116ab347beaf93702f5da60c7bdccbbee43cb3d0a91d01a,2026-08-20T11:22:31Z
COCOA - ICE FUTURES U.S.,073732,2024-01-30,Tuesday,2024-02-02,2024-02-02T15:30:00-05:00,2024-02-02T20:30:00Z,cftc_ordinary_rule_estimate_not_holiday_verified,cftc_cot_methodology_page_2026_08,327215,110326,33095,62037,77231,23.6025,(CONTRACTS OF 10 METRIC TONS),cftc_disagg_futures_only_2024,5e40f60993120d26c116ab347beaf93702f5da60c7bdccbbee43cb3d0a91d01a,5e40f60993120d26c116ab347beaf93702f5da60c7bdccbbee43cb3d0a91d01a,2026-08-20T11:22:31Z
COCOA - ICE FUTURES U.S.,073732,2024-02-06,Tuesday,2024-02-09,2024-02-09T15:30:00-05:00,2024-02-09T20:30:00Z,cftc_ordinary_rule_estimate_not_holiday_verified,cftc_cot_methodology_page_2026_08,317683,101988,32469,60452,69519,21.8831,(CONTRACTS OF 10 METRIC TONS),cftc_disagg_futures_only_2024,5e40f60993120d26c116ab347beaf93702f5da60c7bdccbbee43cb3d0a91d01a,5e40f60993120d26c116ab347beaf93702f5da60c7bdccbbee43cb3d0a91d01a,2026-08-20T11:22:31Z
COCOA - ICE FUTURES U.S.,073732,2024-02-13,Tuesday,2024-02-16,2024-02-16T15:30:00-05:00,2024-02-16T20:30:00Z,cftc_ordinary_rule_estimate_not_holiday_verified,cftc_cot_methodology_page_2026_08,271605,82618,26401,48854,56217,20.6981,(CONTRACTS OF 10 METRIC TONS),cftc_disagg_futures_only_2024,5e40f60993120d26c116ab347beaf93702f5da60c7bdccbbee43cb3d0a91d01a,5e40f60993120d26c116ab347beaf93702f5da60c7bdccbbee43cb3d0a91d01a,2026-08-20T11:22:31Z
COCOA - ICE FUTURES U.S.,073732,2024-02-20,Tuesday,2024-02-23,2024-02-23T15:30:00-05:00,2024-02-23T20:30:00Z,cftc_ordinary_rule_estimate_not_holiday_verified,cftc_cot_methodology_page_2026_08,250109,78033,25678,44218,52355,20.9329,(CONTRACTS OF 10 METRIC TONS),cftc_disagg_futures_only_2024,5e40f60993120d26c116ab347beaf93702f5da60c7bdccbbee43cb3d0a91d01a,5e40f60993120d26c116ab347beaf93702f5da60c7bdccbbee43cb3d0a91d01a,2026-08-20T11:22:31Z
COCOA - ICE FUTURES U.S.,073732,2024-02-27,Tuesday,2024-03-01,2024-03-01T15:30:00-05:00,2024-03-01T20:30:00Z,cftc_ordinary_rule_estimate_not_holiday_verified,cftc_cot_methodology_page_2026_08,220865,68877,23765,37182,45112,20.4251,(CONTRACTS OF 10 METRIC TONS),cftc_disagg_futures_only_2024,5e40f60993120d26c116ab347beaf93702f5da60c7bdccbbee43cb3d0a91d01a,5e40f60993120d26c116ab347beaf93702f5da60c7bdccbbee43cb3d0a91d01a,2026-08-20T11:22:31Z
COCOA - ICE FUTURES U.S.,073732,2024-03-05,Tuesday,2024-03-08,2024-03-08T15:30:00-05:00,2024-03-08T20:30:00Z,cftc_ordinary_rule_estimate_not_holiday_verified,cftc_cot_methodology_page_2026_08,207303,65774,22730,35465,43044,20.7638,(CONTRACTS OF 10 METRIC TONS),cftc_disagg_futures_only_2024,5e40f60993120d26c116ab347beaf93702f5da60c7bdccbbee43cb3d0a91d01a,5e40f60993120d26c116ab347beaf93702f5da60c7bdccbbee43cb3d0a91d01a,2026-08-20T11:22:31Z
COCOA - ICE FUTURES U.S.,073732,2024-03-12,Tuesday,2024-03-15,2024-03-15T15:30:00-04:00,2024-03-15T19:30:00Z,cftc_ordinary_rule_estimate_not_holiday_verified,cftc_cot_methodology_page_2026_08,210691,65262,23948,36975,41314,19.6088,(CONTRACTS OF 10 METRIC TONS),cftc_disagg_futures_only_2024,5e40f60993120d26c116ab347beaf93702f5da60c7bdccbbee43cb3d0a91d01a,5e40f60993120d26c116ab347beaf93702f5da60c7bdccbbee43cb3d0a91d01a,2026-08-20T11:22:31Z
COCOA - ICE FUTURES U.S.,073732,2024-03-19,Tuesday,2024-03-22,2024-03-22T15:30:00-04:00,2024-03-22T19:30:00Z,cftc_ordinary_rule_estimate_not_holiday_verified,cftc_cot_methodology_page_2026_08,207168,56302,22145,36509,34157,16.4876,(CONTRACTS OF 10 METRIC TONS),cftc_disagg_futures_only_2024,5e40f60993120d26c116ab347beaf93702f5da60c7bdccbbee43cb3d0a91d01a,5e40f60993120d26c116ab347beaf93702f5da60c7bdccbbee43cb3d0a91d01a,2026-08-20T11:22:31Z
COCOA - ICE FUTURES U.S.,073732,2024-03-26,Tuesday,2024-03-29,2024-03-29T15:30:00-04:00,2024-03-29T19:30:00Z,cftc_ordinary_rule_estimate_not_holiday_verified,cftc_cot_methodology_page_2026_08,201309,51445,20139,31968,31306,15.5512,(CONTRACTS OF 10 METRIC TONS),cftc_disagg_futures_only_2024,5e40f60993120d26c116ab347beaf93702f5da60c7bdccbbee43cb3d0a91d01a,5e40f60993120d26c116ab347beaf93702f5da60c7bdccbbee43cb3d0a91d01a,2026-08-20T11:22:31Z
COCOA - ICE FUTURES U.S.,073732,2024-04-02,Tuesday,2024-04-05,2024-04-05T15:30:00-04:00,2024-04-05T19:30:00Z,cftc_ordinary_rule_estimate_not_holiday_verified,cftc_cot_methodology_page_2026_08,184072,43014,17506,29541,25508,13.8576,(CONTRACTS OF 10 METRIC TONS),cftc_disagg_futures_only_2024,5e40f60993120d26c116ab347beaf93702f5da60c7bdccbbee43cb3d0a91d01a,5e40f60993120d26c116ab347beaf93702f5da60c7bdccbbee43cb3d0a91d01a,2026-08-20T11:22:31Z
COCOA - ICE FUTURES U.S.,073732,2024-04-09,Tuesday,2024-04-12,2024-04-12T15:30:00-04:00,2024-04-12T19:30:00Z,cftc_ordinary_rule_estimate_not_holiday_verified,cftc_cot_methodology_page_2026_08,165569,41483,16088,26911,25395,15.3380,(CONTRACTS OF 10 METRIC TONS),cftc_disagg_futures_only_2024,5e40f60993120d26c116ab347beaf93702f5da60c7bdccbbee43cb3d0a91d01a,5e40f60993120d26c116ab347beaf93702f5da60c7bdccbbee43cb3d0a91d01a,2026-08-20T11:22:31Z
COCOA - ICE FUTURES U.S.,073732,2024-04-16,Tuesday,2024-04-19,2024-04-19T15:30:00-04:00,2024-04-19T19:30:00Z,cftc_ordinary_rule_estimate_not_holiday_verified,cftc_cot_methodology_page_2026_08,159325,36584,16410,28586,20174,12.6622,(CONTRACTS OF 10 METRIC TONS),cftc_disagg_futures_only_2024,5e40f60993120d26c116ab347beaf93702f5da60c7bdccbbee43cb3d0a91d01a,5e40f60993120d26c116ab347beaf93702f5da60c7bdccbbee43cb3d0a91d01a,2026-08-20T11:22:31Z
COCOA - ICE FUTURES U.S.,073732,2024-04-23,Tuesday,2024-04-26,2024-04-26T15:30:00-04:00,2024-04-26T19:30:00Z,cftc_ordinary_rule_estimate_not_holiday_verified,cftc_cot_methodology_page_2026_08,152895,34999,17487,28543,17512,11.4536,(CONTRACTS OF 10 METRIC TONS),cftc_disagg_futures_only_2024,5e40f60993120d26c116ab347beaf93702f5da60c7bdccbbee43cb3d0a91d01a,5e40f60993120d26c116ab347beaf93702f5da60c7bdccbbee43cb3d0a91d01a,2026-08-20T11:22:31Z
COCOA - ICE FUTURES U.S.,073732,2024-04-30,Tuesday,2024-05-03,2024-05-03T15:30:00-04:00,2024-05-03T19:30:00Z,cftc_ordinary_rule_estimate_not_holiday_verified,cftc_cot_methodology_page_2026_08,152039,34542,14347,30354,20195,13.2828,(CONTRACTS OF 10 METRIC TONS),cftc_disagg_futures_only_2024,5e40f60993120d26c116ab347beaf93702f5da60c7bdccbbee43cb3d0a91d01a,5e40f60993120d26c116ab347beaf93702f5da60c7bdccbbee43cb3d0a91d01a,2026-08-20T11:22:31Z
COCOA - ICE FUTURES U.S.,073732,2024-05-07,Tuesday,2024-05-10,2024-05-10T15:30:00-04:00,2024-05-10T19:30:00Z,cftc_ordinary_rule_estimate_not_holiday_verified,cftc_cot_methodology_page_2026_08,147634,33217,11713,27593,21504,14.5658,(CONTRACTS OF 10 METRIC TONS),cftc_disagg_futures_only_2024,5e40f60993120d26c116ab347beaf93702f5da60c7bdccbbee43cb3d0a91d01a,5e40f60993120d26c116ab347beaf93702f5da60c7bdccbbee43cb3d0a91d01a,2026-08-20T11:22:31Z
COCOA - ICE FUTURES U.S.,073732,2024-05-14,Tuesday,2024-05-17,2024-05-17T15:30:00-04:00,2024-05-17T19:30:00Z,cftc_ordinary_rule_estimate_not_holiday_verified,cftc_cot_methodology_page_2026_08,146340,33226,11351,25859,21875,14.9481,(CONTRACTS OF 10 METRIC TONS),cftc_disagg_futures_only_2024,5e40f60993120d26c116ab347beaf93702f5da60c7bdccbbee43cb3d0a91d01a,5e40f60993120d26c116ab347beaf93702f5da60c7bdccbbee43cb3d0a91d01a,2026-08-20T11:22:31Z
COCOA - ICE FUTURES U.S.,073732,2024-05-21,Tuesday,2024-05-24,2024-05-24T15:30:00-04:00,2024-05-24T19:30:00Z,cftc_ordinary_rule_estimate_not_holiday_verified,cftc_cot_methodology_page_2026_08,147365,33174,10639,24116,22535,15.2920,(CONTRACTS OF 10 METRIC TONS),cftc_disagg_futures_only_2024,5e40f60993120d26c116ab347beaf93702f5da60c7bdccbbee43cb3d0a91d01a,5e40f60993120d26c116ab347beaf93702f5da60c7bdccbbee43cb3d0a91d01a,2026-08-20T11:22:31Z
COCOA - ICE FUTURES U.S.,073732,2024-05-28,Tuesday,2024-05-31,2024-05-31T15:30:00-04:00,2024-05-31T19:30:00Z,cftc_ordinary_rule_estimate_not_holiday_verified,cftc_cot_methodology_page_2026_08,152919,35146,9713,24402,25433,16.6317,(CONTRACTS OF 10 METRIC TONS),cftc_disagg_futures_only_2024,5e40f60993120d26c116ab347beaf93702f5da60c7bdccbbee43cb3d0a91d01a,5e40f60993120d26c116ab347beaf93702f5da60c7bdccbbee43cb3d0a91d01a,2026-08-20T11:22:31Z
COCOA - ICE FUTURES U.S.,073732,2024-06-04,Tuesday,2024-06-07,2024-06-07T15:30:00-04:00,2024-06-07T19:30:00Z,cftc_ordinary_rule_estimate_not_holiday_verified,cftc_cot_methodology_page_2026_08,155918,36454,8817,25159,27637,17.7253,(CONTRACTS OF 10 METRIC TONS),cftc_disagg_futures_only_2024,5e40f60993120d26c116ab347beaf93702f5da60c7bdccbbee43cb3d0a91d01a,5e40f60993120d26c116ab347beaf93702f5da60c7bdccbbee43cb3d0a91d01a,2026-08-20T11:22:31Z
COCOA - ICE FUTURES U.S.,073732,2024-06-11,Tuesday,2024-06-14,2024-06-14T15:30:00-04:00,2024-06-14T19:30:00Z,cftc_ordinary_rule_estimate_not_holiday_verified,cftc_cot_methodology_page_2026_08,141332,34801,7520,21927,27281,19.3028,(CONTRACTS OF 10 METRIC TONS),cftc_disagg_futures_only_2024,5e40f60993120d26c116ab347beaf93702f5da60c7bdccbbee43cb3d0a91d01a,5e40f60993120d26c116ab347beaf93702f5da60c7bdccbbee43cb3d0a91d01a,2026-08-20T11:22:31Z
COCOA - ICE FUTURES U.S.,073732,2024-06-18,Tuesday,2024-06-21,2024-06-21T15:30:00-04:00,2024-06-21T19:30:00Z,cftc_ordinary_rule_estimate_not_holiday_verified,cftc_cot_methodology_page_2026_08,137684,36045,9511,21423,26534,19.2717,(CONTRACTS OF 10 METRIC TONS),cftc_disagg_futures_only_2024,5e40f60993120d26c116ab347beaf93702f5da60c7bdccbbee43cb3d0a91d01a,5e40f60993120d26c116ab347beaf93702f5da60c7bdccbbee43cb3d0a91d01a,2026-08-20T11:22:31Z
COCOA - ICE FUTURES U.S.,073732,2024-06-25,Tuesday,2024-06-28,2024-06-28T15:30:00-04:00,2024-06-28T19:30:00Z,cftc_ordinary_rule_estimate_not_holiday_verified,cftc_cot_methodology_page_2026_08,134640,32576,9477,21304,23099,17.1561,(CONTRACTS OF 10 METRIC TONS),cftc_disagg_futures_only_2024,5e40f60993120d26c116ab347beaf93702f5da60c7bdccbbee43cb3d0a91d01a,5e40f60993120d26c116ab347beaf93702f5da60c7bdccbbee43cb3d0a91d01a,2026-08-20T11:22:31Z
COCOA - ICE FUTURES U.S.,073732,2024-07-02,Tuesday,2024-07-05,2024-07-05T15:30:00-04:00,2024-07-05T19:30:00Z,cftc_ordinary_rule_estimate_not_holiday_verified,cftc_cot_methodology_page_2026_08,135205,31190,9151,23428,22039,16.3004,(CONTRACTS OF 10 METRIC TONS),cftc_disagg_futures_only_2024,5e40f60993120d26c116ab347beaf93702f5da60c7bdccbbee43cb3d0a91d01a,5e40f60993120d26c116ab347beaf93702f5da60c7bdccbbee43cb3d0a91d01a,2026-08-20T11:22:31Z
COCOA - ICE FUTURES U.S.,073732,2024-07-09,Tuesday,2024-07-12,2024-07-12T15:30:00-04:00,2024-07-12T19:30:00Z,cftc_ordinary_rule_estimate_not_holiday_verified,cftc_cot_methodology_page_2026_08,138433,32873,9933,24578,22940,16.5712,(CONTRACTS OF 10 METRIC TONS),cftc_disagg_futures_only_2024,5e40f60993120d26c116ab347beaf93702f5da60c7bdccbbee43cb3d0a91d01a,5e40f60993120d26c116ab347beaf93702f5da60c7bdccbbee43cb3d0a91d01a,2026-08-20T11:22:31Z
COCOA - ICE FUTURES U.S.,073732,2024-07-16,Tuesday,2024-07-19,2024-07-19T15:30:00-04:00,2024-07-19T19:30:00Z,cftc_ordinary_rule_estimate_not_holiday_verified,cftc_cot_methodology_page_2026_08,137803,35307,11236,23411,24071,17.4677,(CONTRACTS OF 10 METRIC TONS),cftc_disagg_futures_only_2024,5e40f60993120d26c116ab347beaf93702f5da60c7bdccbbee43cb3d0a91d01a,5e40f60993120d26c116ab347beaf93702f5da60c7bdccbbee43cb3d0a91d01a,2026-08-20T11:22:31Z
COCOA - ICE FUTURES U.S.,073732,2024-07-23,Tuesday,2024-07-26,2024-07-26T15:30:00-04:00,2024-07-26T19:30:00Z,cftc_ordinary_rule_estimate_not_holiday_verified,cftc_cot_methodology_page_2026_08,139449,37199,11224,23055,25975,18.6269,(CONTRACTS OF 10 METRIC TONS),cftc_disagg_futures_only_2024,5e40f60993120d26c116ab347beaf93702f5da60c7bdccbbee43cb3d0a91d01a,5e40f60993120d26c116ab347beaf93702f5da60c7bdccbbee43cb3d0a91d01a,2026-08-20T11:22:31Z
COCOA - ICE FUTURES U.S.,073732,2024-07-30,Tuesday,2024-08-02,2024-08-02T15:30:00-04:00,2024-08-02T19:30:00Z,cftc_ordinary_rule_estimate_not_holiday_verified,cftc_cot_methodology_page_2026_08,140283,37704,11977,23497,25727,18.3394,(CONTRACTS OF 10 METRIC TONS),cftc_disagg_futures_only_2024,5e40f60993120d26c116ab347beaf93702f5da60c7bdccbbee43cb3d0a91d01a,5e40f60993120d26c116ab347beaf93702f5da60c7bdccbbee43cb3d0a91d01a,2026-08-20T11:22:31Z
COCOA - ICE FUTURES U.S.,073732,2024-08-06,Tuesday,2024-08-09,2024-08-09T15:30:00-04:00,2024-08-09T19:30:00Z,cftc_ordinary_rule_estimate_not_holiday_verified,cftc_cot_methodology_page_2026_08,137261,40192,12418,18897,27774,20.2344,(CONTRACTS OF 10 METRIC TONS),cftc_disagg_futures_only_2024,5e40f60993120d26c116ab347beaf93702f5da60c7bdccbbee43cb3d0a91d01a,5e40f60993120d26c116ab347beaf93702f5da60c7bdccbbee43cb3d0a91d01a,2026-08-20T11:22:31Z
COCOA - ICE FUTURES U.S.,073732,2024-08-13,Tuesday,2024-08-16,2024-08-16T15:30:00-04:00,2024-08-16T19:30:00Z,cftc_ordinary_rule_estimate_not_holiday_verified,cftc_cot_methodology_page_2026_08,134930,42312,12011,19535,30301,22.4568,(CONTRACTS OF 10 METRIC TONS),cftc_disagg_futures_only_2024,5e40f60993120d26c116ab347beaf93702f5da60c7bdccbbee43cb3d0a91d01a,5e40f60993120d26c116ab347beaf93702f5da60c7bdccbbee43cb3d0a91d01a,2026-08-20T11:22:31Z
COCOA - ICE FUTURES U.S.,073732,2024-08-20,Tuesday,2024-08-23,2024-08-23T15:30:00-04:00,2024-08-23T19:30:00Z,cftc_ordinary_rule_estimate_not_holiday_verified,cftc_cot_methodology_page_2026_08,133444,44134,12698,20196,31436,23.5574,(CONTRACTS OF 10 METRIC TONS),cftc_disagg_futures_only_2024,5e40f60993120d26c116ab347beaf93702f5da60c7bdccbbee43cb3d0a91d01a,5e40f60993120d26c116ab347beaf93702f5da60c7bdccbbee43cb3d0a91d01a,2026-08-20T11:22:31Z
COCOA - ICE FUTURES U.S.,073732,2024-08-27,Tuesday,2024-08-30,2024-08-30T15:30:00-04:00,2024-08-30T19:30:00Z,cftc_ordinary_rule_estimate_not_holiday_verified,cftc_cot_methodology_page_2026_08,138677,45986,12719,20169,33267,23.9888,(CONTRACTS OF 10 METRIC TONS),cftc_disagg_futures_only_2024,5e40f60993120d26c116ab347beaf93702f5da60c7bdccbbee43cb3d0a91d01a,5e40f60993120d26c116ab347beaf93702f5da60c7bdccbbee43cb3d0a91d01a,2026-08-20T11:22:31Z
COCOA - ICE FUTURES U.S.,073732,2024-09-03,Tuesday,2024-09-06,2024-09-06T15:30:00-04:00,2024-09-06T19:30:00Z,cftc_ordinary_rule_estimate_not_holiday_verified,cftc_cot_methodology_page_2026_08,138428,45127,13102,20447,32025,23.1348,(CONTRACTS OF 10 METRIC TONS),cftc_disagg_futures_only_2024,5e40f60993120d26c116ab347beaf93702f5da60c7bdccbbee43cb3d0a91d01a,5e40f60993120d26c116ab347beaf93702f5da60c7bdccbbee43cb3d0a91d01a,2026-08-20T11:22:31Z
COCOA - ICE FUTURES U.S.,073732,2024-09-10,Tuesday,2024-09-13,2024-09-13T15:30:00-04:00,2024-09-13T19:30:00Z,cftc_ordinary_rule_estimate_not_holiday_verified,cftc_cot_methodology_page_2026_08,138537,42625,10916,20572,31709,22.8885,(CONTRACTS OF 10 METRIC TONS),cftc_disagg_futures_only_2024,5e40f60993120d26c116ab347beaf93702f5da60c7bdccbbee43cb3d0a91d01a,5e40f60993120d26c116ab347beaf93702f5da60c7bdccbbee43cb3d0a91d01a,2026-08-20T11:22:31Z
COCOA - ICE FUTURES U.S.,073732,2024-09-17,Tuesday,2024-09-20,2024-09-20T15:30:00-04:00,2024-09-20T19:30:00Z,cftc_ordinary_rule_estimate_not_holiday_verified,cftc_cot_methodology_page_2026_08,143433,44865,9510,20665,35355,24.6491,(CONTRACTS OF 10 METRIC TONS),cftc_disagg_futures_only_2024,5e40f60993120d26c116ab347beaf93702f5da60c7bdccbbee43cb3d0a91d01a,5e40f60993120d26c116ab347beaf93702f5da60c7bdccbbee43cb3d0a91d01a,2026-08-20T11:22:31Z
COCOA - ICE FUTURES U.S.,073732,2024-09-24,Tuesday,2024-09-27,2024-09-27T15:30:00-04:00,2024-09-27T19:30:00Z,cftc_ordinary_rule_estimate_not_holiday_verified,cftc_cot_methodology_page_2026_08,147665,47000,8996,21235,38004,25.7366,(CONTRACTS OF 10 METRIC TONS),cftc_disagg_futures_only_2024,5e40f60993120d26c116ab347beaf93702f5da60c7bdccbbee43cb3d0a91d01a,5e40f60993120d26c116ab347beaf93702f5da60c7bdccbbee43cb3d0a91d01a,2026-08-20T11:22:31Z
COCOA - ICE FUTURES U.S.,073732,2024-10-01,Tuesday,2024-10-04,2024-10-04T15:30:00-04:00,2024-10-04T19:30:00Z,cftc_ordinary_rule_estimate_not_holiday_verified,cftc_cot_methodology_page_2026_08,148224,48061,8085,22692,39976,26.9700,(CONTRACTS OF 10 METRIC TONS),cftc_disagg_futures_only_2024,5e40f60993120d26c116ab347beaf93702f5da60c7bdccbbee43cb3d0a91d01a,5e40f60993120d26c116ab347beaf93702f5da60c7bdccbbee43cb3d0a91d01a,2026-08-20T11:22:31Z
COCOA - ICE FUTURES U.S.,073732,2024-10-08,Tuesday,2024-10-11,2024-10-11T15:30:00-04:00,2024-10-11T19:30:00Z,cftc_ordinary_rule_estimate_not_holiday_verified,cftc_cot_methodology_page_2026_08,137394,45681,7561,20098,38120,27.7450,(CONTRACTS OF 10 METRIC TONS),cftc_disagg_futures_only_2024,5e40f60993120d26c116ab347beaf93702f5da60c7bdccbbee43cb3d0a91d01a,5e40f60993120d26c116ab347beaf93702f5da60c7bdccbbee43cb3d0a91d01a,2026-08-20T11:22:31Z
COCOA - ICE FUTURES U.S.,073732,2024-10-15,Tuesday,2024-10-18,2024-10-18T15:30:00-04:00,2024-10-18T19:30:00Z,cftc_ordinary_rule_estimate_not_holiday_verified,cftc_cot_methodology_page_2026_08,142634,47892,7038,16768,40854,28.6425,(CONTRACTS OF 10 METRIC TONS),cftc_disagg_futures_only_2024,5e40f60993120d26c116ab347beaf93702f5da60c7bdccbbee43cb3d0a91d01a,5e40f60993120d26c116ab347beaf93702f5da60c7bdccbbee43cb3d0a91d01a,2026-08-20T11:22:31Z
COCOA - ICE FUTURES U.S.,073732,2024-10-22,Tuesday,2024-10-25,2024-10-25T15:30:00-04:00,2024-10-25T19:30:00Z,cftc_ordinary_rule_estimate_not_holiday_verified,cftc_cot_methodology_page_2026_08,140267,45164,6550,14688,38614,27.5289,(CONTRACTS OF 10 METRIC TONS),cftc_disagg_futures_only_2024,5e40f60993120d26c116ab347beaf93702f5da60c7bdccbbee43cb3d0a91d01a,5e40f60993120d26c116ab347beaf93702f5da60c7bdccbbee43cb3d0a91d01a,2026-08-20T11:22:31Z
COCOA - ICE FUTURES U.S.,073732,2024-10-29,Tuesday,2024-11-01,2024-11-01T15:30:00-04:00,2024-11-01T19:30:00Z,cftc_ordinary_rule_estimate_not_holiday_verified,cftc_cot_methodology_page_2026_08,131389,43285,7702,9428,35583,27.0822,(CONTRACTS OF 10 METRIC TONS),cftc_disagg_futures_only_2024,5e40f60993120d26c116ab347beaf93702f5da60c7bdccbbee43cb3d0a91d01a,5e40f60993120d26c116ab347beaf93702f5da60c7bdccbbee43cb3d0a91d01a,2026-08-20T11:22:31Z
COCOA - ICE FUTURES U.S.,073732,2024-11-05,Tuesday,2024-11-08,2024-11-08T15:30:00-05:00,2024-11-08T20:30:00Z,cftc_ordinary_rule_estimate_not_holiday_verified,cftc_cot_methodology_page_2026_08,125901,41810,8457,8168,33353,26.4914,(CONTRACTS OF 10 METRIC TONS),cftc_disagg_futures_only_2024,5e40f60993120d26c116ab347beaf93702f5da60c7bdccbbee43cb3d0a91d01a,5e40f60993120d26c116ab347beaf93702f5da60c7bdccbbee43cb3d0a91d01a,2026-08-20T11:22:31Z
COCOA - ICE FUTURES U.S.,073732,2024-11-12,Tuesday,2024-11-15,2024-11-15T15:30:00-05:00,2024-11-15T20:30:00Z,cftc_ordinary_rule_estimate_not_holiday_verified,cftc_cot_methodology_page_2026_08,122337,43051,8319,8586,34732,28.3904,(CONTRACTS OF 10 METRIC TONS),cftc_disagg_futures_only_2024,5e40f60993120d26c116ab347beaf93702f5da60c7bdccbbee43cb3d0a91d01a,5e40f60993120d26c116ab347beaf93702f5da60c7bdccbbee43cb3d0a91d01a,2026-08-20T11:22:31Z
COCOA - ICE FUTURES U.S.,073732,2024-11-19,Tuesday,2024-11-22,2024-11-22T15:30:00-05:00,2024-11-22T20:30:00Z,cftc_ordinary_rule_estimate_not_holiday_verified,cftc_cot_methodology_page_2026_08,129440,46352,8332,8530,38020,29.3727,(CONTRACTS OF 10 METRIC TONS),cftc_disagg_futures_only_2024,5e40f60993120d26c116ab347beaf93702f5da60c7bdccbbee43cb3d0a91d01a,5e40f60993120d26c116ab347beaf93702f5da60c7bdccbbee43cb3d0a91d01a,2026-08-20T11:22:31Z
COCOA - ICE FUTURES U.S.,073732,2024-11-26,Tuesday,2024-11-29,2024-11-29T15:30:00-05:00,2024-11-29T20:30:00Z,cftc_ordinary_rule_estimate_not_holiday_verified,cftc_cot_methodology_page_2026_08,130183,48940,7587,9121,41353,31.7653,(CONTRACTS OF 10 METRIC TONS),cftc_disagg_futures_only_2024,5e40f60993120d26c116ab347beaf93702f5da60c7bdccbbee43cb3d0a91d01a,5e40f60993120d26c116ab347beaf93702f5da60c7bdccbbee43cb3d0a91d01a,2026-08-20T11:22:31Z
COCOA - ICE FUTURES U.S.,073732,2024-12-03,Tuesday,2024-12-06,2024-12-06T15:30:00-05:00,2024-12-06T20:30:00Z,cftc_ordinary_rule_estimate_not_holiday_verified,cftc_cot_methodology_page_2026_08,130235,47839,7448,10988,40391,31.0139,(CONTRACTS OF 10 METRIC TONS),cftc_disagg_futures_only_2024,5e40f60993120d26c116ab347beaf93702f5da60c7bdccbbee43cb3d0a91d01a,5e40f60993120d26c116ab347beaf93702f5da60c7bdccbbee43cb3d0a91d01a,2026-08-20T11:22:31Z
COCOA - ICE FUTURES U.S.,073732,2024-12-10,Tuesday,2024-12-13,2024-12-13T15:30:00-05:00,2024-12-13T20:30:00Z,cftc_ordinary_rule_estimate_not_holiday_verified,cftc_cot_methodology_page_2026_08,129117,45215,6962,10861,38253,29.6266,(CONTRACTS OF 10 METRIC TONS),cftc_disagg_futures_only_2024,5e40f60993120d26c116ab347beaf93702f5da60c7bdccbbee43cb3d0a91d01a,5e40f60993120d26c116ab347beaf93702f5da60c7bdccbbee43cb3d0a91d01a,2026-08-20T11:22:31Z
COCOA - ICE FUTURES U.S.,073732,2024-12-17,Tuesday,2024-12-20,2024-12-20T15:30:00-05:00,2024-12-20T20:30:00Z,cftc_ordinary_rule_estimate_not_holiday_verified,cftc_cot_methodology_page_2026_08,127978,42712,7086,11528,35626,27.8376,(CONTRACTS OF 10 METRIC TONS),cftc_disagg_futures_only_2024,5e40f60993120d26c116ab347beaf93702f5da60c7bdccbbee43cb3d0a91d01a,5e40f60993120d26c116ab347beaf93702f5da60c7bdccbbee43cb3d0a91d01a,2026-08-20T11:22:31Z
COCOA - ICE FUTURES U.S.,073732,2024-12-24,Tuesday,2024-12-27,2024-12-27T15:30:00-05:00,2024-12-27T20:30:00Z,cftc_ordinary_rule_estimate_not_holiday_verified,cftc_cot_methodology_page_2026_08,125355,42772,5705,9513,37067,29.5696,(CONTRACTS OF 10 METRIC TONS),cftc_disagg_futures_only_2024,5e40f60993120d26c116ab347beaf93702f5da60c7bdccbbee43cb3d0a91d01a,5e40f60993120d26c116ab347beaf93702f5da60c7bdccbbee43cb3d0a91d01a,2026-08-20T11:22:31Z
COCOA - ICE FUTURES U.S.,073732,2024-12-31,Tuesday,2025-01-03,2025-01-03T15:30:00-05:00,2025-01-03T20:30:00Z,cftc_ordinary_rule_estimate_not_holiday_verified,cftc_cot_methodology_page_2026_08,125977,43659,5569,8927,38090,30.2357,(CONTRACTS OF 10 METRIC TONS),cftc_disagg_futures_only_2024,5e40f60993120d26c116ab347beaf93702f5da60c7bdccbbee43cb3d0a91d01a,5e40f60993120d26c116ab347beaf93702f5da60c7bdccbbee43cb3d0a91d01a,2026-08-20T11:22:31Z
COCOA - ICE FUTURES U.S.,073732,2025-01-07,Tuesday,2025-01-13,2025-01-13T15:30:00-05:00,2025-01-13T20:30:00Z,cftc_official_special_announcement,cftc_cot_special_announcements_2026_08,126583,41176,6038,9949,35138,27.7589,(CONTRACTS OF 10 METRIC TONS),cftc_disagg_futures_only_2025,17ac2fef1b53303d01e486bbf5768a4e062308a3c34a2970871f3eab89829cbc,17ac2fef1b53303d01e486bbf5768a4e062308a3c34a2970871f3eab89829cbc,2026-08-20T11:22:31Z
COCOA - ICE FUTURES U.S.,073732,2025-01-14,Tuesday,2025-01-17,2025-01-17T15:30:00-05:00,2025-01-17T20:30:00Z,cftc_ordinary_rule_estimate_not_holiday_verified,cftc_cot_methodology_page_2026_08,124919,41033,5535,9616,35498,28.4168,(CONTRACTS OF 10 METRIC TONS),cftc_disagg_futures_only_2025,17ac2fef1b53303d01e486bbf5768a4e062308a3c34a2970871f3eab89829cbc,17ac2fef1b53303d01e486bbf5768a4e062308a3c34a2970871f3eab89829cbc,2026-08-20T11:22:31Z
COCOA - ICE FUTURES U.S.,073732,2025-01-21,Tuesday,2025-01-24,2025-01-24T15:30:00-05:00,2025-01-24T20:30:00Z,cftc_ordinary_rule_estimate_not_holiday_verified,cftc_cot_methodology_page_2026_08,124343,40745,5223,9229,35522,28.5678,(CONTRACTS OF 10 METRIC TONS),cftc_disagg_futures_only_2025,17ac2fef1b53303d01e486bbf5768a4e062308a3c34a2970871f3eab89829cbc,17ac2fef1b53303d01e486bbf5768a4e062308a3c34a2970871f3eab89829cbc,2026-08-20T11:22:31Z
COCOA - ICE FUTURES U.S.,073732,2025-01-28,Tuesday,2025-01-31,2025-01-31T15:30:00-05:00,2025-01-31T20:30:00Z,cftc_ordinary_rule_estimate_not_holiday_verified,cftc_cot_methodology_page_2026_08,123384,39607,5256,10375,34351,27.8407,(CONTRACTS OF 10 METRIC TONS),cftc_disagg_futures_only_2025,17ac2fef1b53303d01e486bbf5768a4e062308a3c34a2970871f3eab89829cbc,17ac2fef1b53303d01e486bbf5768a4e062308a3c34a2970871f3eab89829cbc,2026-08-20T11:22:31Z
COCOA - ICE FUTURES U.S.,073732,2025-02-04,Tuesday,2025-02-07,2025-02-07T15:30:00-05:00,2025-02-07T20:30:00Z,cftc_ordinary_rule_estimate_not_holiday_verified,cftc_cot_methodology_page_2026_08,128423,37087,5115,14371,31972,24.8959,(CONTRACTS OF 10 METRIC TONS),cftc_disagg_futures_only_2025,17ac2fef1b53303d01e486bbf5768a4e062308a3c34a2970871f3eab89829cbc,17ac2fef1b53303d01e486bbf5768a4e062308a3c34a2970871f3eab89829cbc,2026-08-20T11:22:31Z
COCOA - ICE FUTURES U.S.,073732,2025-02-11,Tuesday,2025-02-14,2025-02-14T15:30:00-05:00,2025-02-14T20:30:00Z,cftc_ordinary_rule_estimate_not_holiday_verified,cftc_cot_methodology_page_2026_08,121018,34790,4982,13238,29808,24.6310,(CONTRACTS OF 10 METRIC TONS),cftc_disagg_futures_only_2025,17ac2fef1b53303d01e486bbf5768a4e062308a3c34a2970871f3eab89829cbc,17ac2fef1b53303d01e486bbf5768a4e062308a3c34a2970871f3eab89829cbc,2026-08-20T11:22:31Z
COCOA - ICE FUTURES U.S.,073732,2025-02-18,Tuesday,2025-02-21,2025-02-21T15:30:00-05:00,2025-02-21T20:30:00Z,cftc_ordinary_rule_estimate_not_holiday_verified,cftc_cot_methodology_page_2026_08,115974,34312,4738,13750,29574,25.5005,(CONTRACTS OF 10 METRIC TONS),cftc_disagg_futures_only_2025,17ac2fef1b53303d01e486bbf5768a4e062308a3c34a2970871f3eab89829cbc,17ac2fef1b53303d01e486bbf5768a4e062308a3c34a2970871f3eab89829cbc,2026-08-20T11:22:31Z
COCOA - ICE FUTURES U.S.,073732,2025-02-25,Tuesday,2025-02-28,2025-02-28T15:30:00-05:00,2025-02-28T20:30:00Z,cftc_ordinary_rule_estimate_not_holiday_verified,cftc_cot_methodology_page_2026_08,108662,23351,4885,14438,18466,16.9940,(CONTRACTS OF 10 METRIC TONS),cftc_disagg_futures_only_2025,17ac2fef1b53303d01e486bbf5768a4e062308a3c34a2970871f3eab89829cbc,17ac2fef1b53303d01e486bbf5768a4e062308a3c34a2970871f3eab89829cbc,2026-08-20T11:22:31Z
COCOA - ICE FUTURES U.S.,073732,2025-03-04,Tuesday,2025-03-07,2025-03-07T15:30:00-05:00,2025-03-07T20:30:00Z,cftc_ordinary_rule_estimate_not_holiday_verified,cftc_cot_methodology_page_2026_08,101302,20766,4467,14472,16299,16.0895,(CONTRACTS OF 10 METRIC TONS),cftc_disagg_futures_only_2025,17ac2fef1b53303d01e486bbf5768a4e062308a3c34a2970871f3eab89829cbc,17ac2fef1b53303d01e486bbf5768a4e062308a3c34a2970871f3eab89829cbc,2026-08-20T11:22:31Z
COCOA - ICE FUTURES U.S.,073732,2025-03-11,Tuesday,2025-03-14,2025-03-14T15:30:00-04:00,2025-03-14T19:30:00Z,cftc_ordinary_rule_estimate_not_holiday_verified,cftc_cot_methodology_page_2026_08,104926,19491,3758,14106,15733,14.9944,(CONTRACTS OF 10 METRIC TONS),cftc_disagg_futures_only_2025,17ac2fef1b53303d01e486bbf5768a4e062308a3c34a2970871f3eab89829cbc,17ac2fef1b53303d01e486bbf5768a4e062308a3c34a2970871f3eab89829cbc,2026-08-20T11:22:31Z
COCOA - ICE FUTURES U.S.,073732,2025-03-18,Tuesday,2025-03-21,2025-03-21T15:30:00-04:00,2025-03-21T19:30:00Z,cftc_ordinary_rule_estimate_not_holiday_verified,cftc_cot_methodology_page_2026_08,104840,19661,5035,12593,14626,13.9508,(CONTRACTS OF 10 METRIC TONS),cftc_disagg_futures_only_2025,17ac2fef1b53303d01e486bbf5768a4e062308a3c34a2970871f3eab89829cbc,17ac2fef1b53303d01e486bbf5768a4e062308a3c34a2970871f3eab89829cbc,2026-08-20T11:22:31Z
COCOA - ICE FUTURES U.S.,073732,2025-03-25,Tuesday,2025-03-28,2025-03-28T15:30:00-04:00,2025-03-28T19:30:00Z,cftc_ordinary_rule_estimate_not_holiday_verified,cftc_cot_methodology_page_2026_08,103546,19658,4318,11227,15340,14.8147,(CONTRACTS OF 10 METRIC TONS),cftc_disagg_futures_only_2025,17ac2fef1b53303d01e486bbf5768a4e062308a3c34a2970871f3eab89829cbc,17ac2fef1b53303d01e486bbf5768a4e062308a3c34a2970871f3eab89829cbc,2026-08-20T11:22:31Z
COCOA - ICE FUTURES U.S.,073732,2025-04-01,Tuesday,2025-04-04,2025-04-04T15:30:00-04:00,2025-04-04T19:30:00Z,cftc_ordinary_rule_estimate_not_holiday_verified,cftc_cot_methodology_page_2026_08,109183,21179,3937,11593,17242,15.7918,(CONTRACTS OF 10 METRIC TONS),cftc_disagg_futures_only_2025,17ac2fef1b53303d01e486bbf5768a4e062308a3c34a2970871f3eab89829cbc,17ac2fef1b53303d01e486bbf5768a4e062308a3c34a2970871f3eab89829cbc,2026-08-20T11:22:31Z
COCOA - ICE FUTURES U.S.,073732,2025-04-08,Tuesday,2025-04-11,2025-04-11T15:30:00-04:00,2025-04-11T19:30:00Z,cftc_ordinary_rule_estimate_not_holiday_verified,cftc_cot_methodology_page_2026_08,95581,20346,3180,12093,17166,17.9596,(CONTRACTS OF 10 METRIC TONS),cftc_disagg_futures_only_2025,17ac2fef1b53303d01e486bbf5768a4e062308a3c34a2970871f3eab89829cbc,17ac2fef1b53303d01e486bbf5768a4e062308a3c34a2970871f3eab89829cbc,2026-08-20T11:22:31Z
COCOA - ICE FUTURES U.S.,073732,2025-04-15,Tuesday,2025-04-18,2025-04-18T15:30:00-04:00,2025-04-18T19:30:00Z,cftc_ordinary_rule_estimate_not_holiday_verified,cftc_cot_methodology_page_2026_08,90046,16119,3500,10700,12619,14.0139,(CONTRACTS OF 10 METRIC TONS),cftc_disagg_futures_only_2025,17ac2fef1b53303d01e486bbf5768a4e062308a3c34a2970871f3eab89829cbc,17ac2fef1b53303d01e486bbf5768a4e062308a3c34a2970871f3eab89829cbc,2026-08-20T11:22:31Z
COCOA - ICE FUTURES U.S.,073732,2025-04-22,Tuesday,2025-04-25,2025-04-25T15:30:00-04:00,2025-04-25T19:30:00Z,cftc_ordinary_rule_estimate_not_holiday_verified,cftc_cot_methodology_page_2026_08,86919,18110,4177,11223,13933,16.0299,(CONTRACTS OF 10 METRIC TONS),cftc_disagg_futures_only_2025,17ac2fef1b53303d01e486bbf5768a4e062308a3c34a2970871f3eab89829cbc,17ac2fef1b53303d01e486bbf5768a4e062308a3c34a2970871f3eab89829cbc,2026-08-20T11:22:31Z
COCOA - ICE FUTURES U.S.,073732,2025-04-29,Tuesday,2025-05-02,2025-05-02T15:30:00-04:00,2025-05-02T19:30:00Z,cftc_ordinary_rule_estimate_not_holiday_verified,cftc_cot_methodology_page_2026_08,89727,19939,4676,11767,15263,17.0105,(CONTRACTS OF 10 METRIC TONS),cftc_disagg_futures_only_2025,17ac2fef1b53303d01e486bbf5768a4e062308a3c34a2970871f3eab89829cbc,17ac2fef1b53303d01e486bbf5768a4e062308a3c34a2970871f3eab89829cbc,2026-08-20T11:22:31Z
COCOA - ICE FUTURES U.S.,073732,2025-05-06,Tuesday,2025-05-09,2025-05-09T15:30:00-04:00,2025-05-09T19:30:00Z,cftc_ordinary_rule_estimate_not_holiday_verified,cftc_cot_methodology_page_2026_08,90835,19653,4843,11858,14810,16.3043,(CONTRACTS OF 10 METRIC TONS),cftc_disagg_futures_only_2025,17ac2fef1b53303d01e486bbf5768a4e062308a3c34a2970871f3eab89829cbc,17ac2fef1b53303d01e486bbf5768a4e062308a3c34a2970871f3eab89829cbc,2026-08-20T11:22:31Z
COCOA - ICE FUTURES U.S.,073732,2025-05-13,Tuesday,2025-05-16,2025-05-16T15:30:00-04:00,2025-05-16T19:30:00Z,cftc_ordinary_rule_estimate_not_holiday_verified,cftc_cot_methodology_page_2026_08,96891,23141,4275,11335,18866,19.4714,(CONTRACTS OF 10 METRIC TONS),cftc_disagg_futures_only_2025,17ac2fef1b53303d01e486bbf5768a4e062308a3c34a2970871f3eab89829cbc,17ac2fef1b53303d01e486bbf5768a4e062308a3c34a2970871f3eab89829cbc,2026-08-20T11:22:31Z
COCOA - ICE FUTURES U.S.,073732,2025-05-20,Tuesday,2025-05-23,2025-05-23T15:30:00-04:00,2025-05-23T19:30:00Z,cftc_ordinary_rule_estimate_not_holiday_verified,cftc_cot_methodology_page_2026_08,104424,27868,5799,12571,22069,21.1340,(CONTRACTS OF 10 METRIC TONS),cftc_disagg_futures_only_2025,17ac2fef1b53303d01e486bbf5768a4e062308a3c34a2970871f3eab89829cbc,17ac2fef1b53303d01e486bbf5768a4e062308a3c34a2970871f3eab89829cbc,2026-08-20T11:22:31Z
COCOA - ICE FUTURES U.S.,073732,2025-05-27,Tuesday,2025-05-30,2025-05-30T15:30:00-04:00,2025-05-30T19:30:00Z,cftc_ordinary_rule_estimate_not_holiday_verified,cftc_cot_methodology_page_2026_08,101488,25375,6278,12497,19097,18.8170,(CONTRACTS OF 10 METRIC TONS),cftc_disagg_futures_only_2025,17ac2fef1b53303d01e486bbf5768a4e062308a3c34a2970871f3eab89829cbc,17ac2fef1b53303d01e486bbf5768a4e062308a3c34a2970871f3eab89829cbc,2026-08-20T11:22:31Z
COCOA - ICE FUTURES U.S.,073732,2025-06-03,Tuesday,2025-06-06,2025-06-06T15:30:00-04:00,2025-06-06T19:30:00Z,cftc_ordinary_rule_estimate_not_holiday_verified,cftc_cot_methodology_page_2026_08,100231,22644,6470,12943,16174,16.1367,(CONTRACTS OF 10 METRIC TONS),cftc_disagg_futures_only_2025,17ac2fef1b53303d01e486bbf5768a4e062308a3c34a2970871f3eab89829cbc,17ac2fef1b53303d01e486bbf5768a4e062308a3c34a2970871f3eab89829cbc,2026-08-20T11:22:31Z
COCOA - ICE FUTURES U.S.,073732,2025-06-10,Tuesday,2025-06-13,2025-06-13T15:30:00-04:00,2025-06-13T19:30:00Z,cftc_ordinary_rule_estimate_not_holiday_verified,cftc_cot_methodology_page_2026_08,100052,23674,7266,11478,16408,16.3995,(CONTRACTS OF 10 METRIC TONS),cftc_disagg_futures_only_2025,17ac2fef1b53303d01e486bbf5768a4e062308a3c34a2970871f3eab89829cbc,17ac2fef1b53303d01e486bbf5768a4e062308a3c34a2970871f3eab89829cbc,2026-08-20T11:22:31Z
COCOA - ICE FUTURES U.S.,073732,2025-06-17,Tuesday,2025-06-20,2025-06-20T15:30:00-04:00,2025-06-20T19:30:00Z,cftc_ordinary_rule_estimate_not_holiday_verified,cftc_cot_methodology_page_2026_08,89437,24601,7130,11305,17471,19.5344,(CONTRACTS OF 10 METRIC TONS),cftc_disagg_futures_only_2025,17ac2fef1b53303d01e486bbf5768a4e062308a3c34a2970871f3eab89829cbc,17ac2fef1b53303d01e486bbf5768a4e062308a3c34a2970871f3eab89829cbc,2026-08-20T11:22:31Z
COCOA - ICE FUTURES U.S.,073732,2025-06-24,Tuesday,2025-06-27,2025-06-27T15:30:00-04:00,2025-06-27T19:30:00Z,cftc_ordinary_rule_estimate_not_holiday_verified,cftc_cot_methodology_page_2026_08,88225,21832,7211,11728,14621,16.5724,(CONTRACTS OF 10 METRIC TONS),cftc_disagg_futures_only_2025,17ac2fef1b53303d01e486bbf5768a4e062308a3c34a2970871f3eab89829cbc,17ac2fef1b53303d01e486bbf5768a4e062308a3c34a2970871f3eab89829cbc,2026-08-20T11:22:31Z
COCOA - ICE FUTURES U.S.,073732,2025-07-01,Tuesday,2025-07-04,2025-07-04T15:30:00-04:00,2025-07-04T19:30:00Z,cftc_ordinary_rule_estimate_not_holiday_verified,cftc_cot_methodology_page_2026_08,88382,22080,6838,11640,15242,17.2456,(CONTRACTS OF 10 METRIC TONS),cftc_disagg_futures_only_2025,17ac2fef1b53303d01e486bbf5768a4e062308a3c34a2970871f3eab89829cbc,17ac2fef1b53303d01e486bbf5768a4e062308a3c34a2970871f3eab89829cbc,2026-08-20T11:22:31Z
COCOA - ICE FUTURES U.S.,073732,2025-07-08,Tuesday,2025-07-11,2025-07-11T15:30:00-04:00,2025-07-11T19:30:00Z,cftc_ordinary_rule_estimate_not_holiday_verified,cftc_cot_methodology_page_2026_08,92353,20083,6852,11864,13231,14.3266,(CONTRACTS OF 10 METRIC TONS),cftc_disagg_futures_only_2025,17ac2fef1b53303d01e486bbf5768a4e062308a3c34a2970871f3eab89829cbc,17ac2fef1b53303d01e486bbf5768a4e062308a3c34a2970871f3eab89829cbc,2026-08-20T11:22:31Z
COCOA - ICE FUTURES U.S.,073732,2025-07-15,Tuesday,2025-07-18,2025-07-18T15:30:00-04:00,2025-07-18T19:30:00Z,cftc_ordinary_rule_estimate_not_holiday_verified,cftc_cot_methodology_page_2026_08,95996,19058,7201,11777,11857,12.3516,(CONTRACTS OF 10 METRIC TONS),cftc_disagg_futures_only_2025,17ac2fef1b53303d01e486bbf5768a4e062308a3c34a2970871f3eab89829cbc,17ac2fef1b53303d01e486bbf5768a4e062308a3c34a2970871f3eab89829cbc,2026-08-20T11:22:31Z
COCOA - ICE FUTURES U.S.,073732,2025-07-22,Tuesday,2025-07-25,2025-07-25T15:30:00-04:00,2025-07-25T19:30:00Z,cftc_ordinary_rule_estimate_not_holiday_verified,cftc_cot_methodology_page_2026_08,93203,16395,7342,12757,9053,9.7132,(CONTRACTS OF 10 METRIC TONS),cftc_disagg_futures_only_2025,17ac2fef1b53303d01e486bbf5768a4e062308a3c34a2970871f3eab89829cbc,17ac2fef1b53303d01e486bbf5768a4e062308a3c34a2970871f3eab89829cbc,2026-08-20T11:22:31Z
COCOA - ICE FUTURES U.S.,073732,2025-07-29,Tuesday,2025-08-01,2025-08-01T15:30:00-04:00,2025-08-01T19:30:00Z,cftc_ordinary_rule_estimate_not_holiday_verified,cftc_cot_methodology_page_2026_08,93823,17702,6904,12245,10798,11.5089,(CONTRACTS OF 10 METRIC TONS),cftc_disagg_futures_only_2025,17ac2fef1b53303d01e486bbf5768a4e062308a3c34a2970871f3eab89829cbc,17ac2fef1b53303d01e486bbf5768a4e062308a3c34a2970871f3eab89829cbc,2026-08-20T11:22:31Z
COCOA - ICE FUTURES U.S.,073732,2025-08-05,Tuesday,2025-08-08,2025-08-08T15:30:00-04:00,2025-08-08T19:30:00Z,cftc_ordinary_rule_estimate_not_holiday_verified,cftc_cot_methodology_page_2026_08,95061,18166,7029,11855,11137,11.7156,(CONTRACTS OF 10 METRIC TONS),cftc_disagg_futures_only_2025,17ac2fef1b53303d01e486bbf5768a4e062308a3c34a2970871f3eab89829cbc,17ac2fef1b53303d01e486bbf5768a4e062308a3c34a2970871f3eab89829cbc,2026-08-20T11:22:31Z
COCOA - ICE FUTURES U.S.,073732,2025-08-12,Tuesday,2025-08-15,2025-08-15T15:30:00-04:00,2025-08-15T19:30:00Z,cftc_ordinary_rule_estimate_not_holiday_verified,cftc_cot_methodology_page_2026_08,97776,20765,6469,11329,14296,14.6212,(CONTRACTS OF 10 METRIC TONS),cftc_disagg_futures_only_2025,17ac2fef1b53303d01e486bbf5768a4e062308a3c34a2970871f3eab89829cbc,17ac2fef1b53303d01e486bbf5768a4e062308a3c34a2970871f3eab89829cbc,2026-08-20T11:22:31Z
COCOA - ICE FUTURES U.S.,073732,2025-08-19,Tuesday,2025-08-22,2025-08-22T15:30:00-04:00,2025-08-22T19:30:00Z,cftc_ordinary_rule_estimate_not_holiday_verified,cftc_cot_methodology_page_2026_08,92010,20805,7256,10377,13549,14.7256,(CONTRACTS OF 10 METRIC TONS),cftc_disagg_futures_only_2025,17ac2fef1b53303d01e486bbf5768a4e062308a3c34a2970871f3eab89829cbc,17ac2fef1b53303d01e486bbf5768a4e062308a3c34a2970871f3eab89829cbc,2026-08-20T11:22:31Z
COCOA - ICE FUTURES U.S.,073732,2025-08-26,Tuesday,2025-08-29,2025-08-29T15:30:00-04:00,2025-08-29T19:30:00Z,cftc_ordinary_rule_estimate_not_holiday_verified,cftc_cot_methodology_page_2026_08,89678,19128,8375,7121,10753,11.9907,(CONTRACTS OF 10 METRIC TONS),cftc_disagg_futures_only_2025,17ac2fef1b53303d01e486bbf5768a4e062308a3c34a2970871f3eab89829cbc,17ac2fef1b53303d01e486bbf5768a4e062308a3c34a2970871f3eab89829cbc,2026-08-20T11:22:31Z
COCOA - ICE FUTURES U.S.,073732,2025-09-02,Tuesday,2025-09-05,2025-09-05T15:30:00-04:00,2025-09-05T19:30:00Z,cftc_ordinary_rule_estimate_not_holiday_verified,cftc_cot_methodology_page_2026_08,90201,18611,8908,7395,9703,10.7571,(CONTRACTS OF 10 METRIC TONS),cftc_disagg_futures_only_2025,17ac2fef1b53303d01e486bbf5768a4e062308a3c34a2970871f3eab89829cbc,17ac2fef1b53303d01e486bbf5768a4e062308a3c34a2970871f3eab89829cbc,2026-08-20T11:22:31Z
COCOA - ICE FUTURES U.S.,073732,2025-09-09,Tuesday,2025-09-12,2025-09-12T15:30:00-04:00,2025-09-12T19:30:00Z,cftc_ordinary_rule_estimate_not_holiday_verified,cftc_cot_methodology_page_2026_08,93806,17362,8752,8582,8610,9.1785,(CONTRACTS OF 10 METRIC TONS),cftc_disagg_futures_only_2025,17ac2fef1b53303d01e486bbf5768a4e062308a3c34a2970871f3eab89829cbc,17ac2fef1b53303d01e486bbf5768a4e062308a3c34a2970871f3eab89829cbc,2026-08-20T11:22:31Z
COCOA - ICE FUTURES U.S.,073732,2025-09-16,Tuesday,2025-09-19,2025-09-19T15:30:00-04:00,2025-09-19T19:30:00Z,cftc_ordinary_rule_estimate_not_holiday_verified,cftc_cot_methodology_page_2026_08,96954,16986,8638,10099,8348,8.6103,(CONTRACTS OF 10 METRIC TONS),cftc_disagg_futures_only_2025,17ac2fef1b53303d01e486bbf5768a4e062308a3c34a2970871f3eab89829cbc,17ac2fef1b53303d01e486bbf5768a4e062308a3c34a2970871f3eab89829cbc,2026-08-20T11:22:31Z
COCOA - ICE FUTURES U.S.,073732,2025-09-23,Tuesday,2025-09-26,2025-09-26T15:30:00-04:00,2025-09-26T19:30:00Z,cftc_ordinary_rule_estimate_not_holiday_verified,cftc_cot_methodology_page_2026_08,103388,16957,10105,11564,6852,6.6275,(CONTRACTS OF 10 METRIC TONS),cftc_disagg_futures_only_2025,17ac2fef1b53303d01e486bbf5768a4e062308a3c34a2970871f3eab89829cbc,17ac2fef1b53303d01e486bbf5768a4e062308a3c34a2970871f3eab89829cbc,2026-08-20T11:22:31Z
COCOA - ICE FUTURES U.S.,073732,2025-09-30,Tuesday,2025-11-19,2025-11-19T15:30:00-05:00,2025-11-19T20:30:00Z,cftc_official_appropriations_catch_up,cftc_cot_special_announcements_2026_08,113029,16981,10359,15413,6622,5.8587,(CONTRACTS OF 10 METRIC TONS),cftc_disagg_futures_only_2025,17ac2fef1b53303d01e486bbf5768a4e062308a3c34a2970871f3eab89829cbc,17ac2fef1b53303d01e486bbf5768a4e062308a3c34a2970871f3eab89829cbc,2026-08-20T11:22:31Z
COCOA - ICE FUTURES U.S.,073732,2025-10-07,Tuesday,2025-11-21,2025-11-21T15:30:00-05:00,2025-11-21T20:30:00Z,cftc_official_appropriations_catch_up,cftc_cot_special_announcements_2026_08,120643,18196,12466,19143,5730,4.7496,(CONTRACTS OF 10 METRIC TONS),cftc_disagg_futures_only_2025,17ac2fef1b53303d01e486bbf5768a4e062308a3c34a2970871f3eab89829cbc,17ac2fef1b53303d01e486bbf5768a4e062308a3c34a2970871f3eab89829cbc,2026-08-20T11:22:31Z
COCOA - ICE FUTURES U.S.,073732,2025-10-14,Tuesday,2025-11-25,2025-11-25T15:30:00-05:00,2025-11-25T20:30:00Z,cftc_official_appropriations_catch_up,cftc_cot_special_announcements_2026_08,120419,16664,16055,18645,609,0.5057,(CONTRACTS OF 10 METRIC TONS),cftc_disagg_futures_only_2025,17ac2fef1b53303d01e486bbf5768a4e062308a3c34a2970871f3eab89829cbc,17ac2fef1b53303d01e486bbf5768a4e062308a3c34a2970871f3eab89829cbc,2026-08-20T11:22:31Z
COCOA - ICE FUTURES U.S.,073732,2025-10-21,Tuesday,2025-12-02,2025-12-02T15:30:00-05:00,2025-12-02T20:30:00Z,cftc_official_appropriations_catch_up,cftc_cot_special_announcements_2026_08,122332,16074,16992,18332,-918,-0.7504,(CONTRACTS OF 10 METRIC TONS),cftc_disagg_futures_only_2025,17ac2fef1b53303d01e486bbf5768a4e062308a3c34a2970871f3eab89829cbc,17ac2fef1b53303d01e486bbf5768a4e062308a3c34a2970871f3eab89829cbc,2026-08-20T11:22:31Z
COCOA - ICE FUTURES U.S.,073732,2025-10-28,Tuesday,2025-12-05,2025-12-05T15:30:00-05:00,2025-12-05T20:30:00Z,cftc_official_appropriations_catch_up,cftc_cot_special_announcements_2026_08,121995,18070,16089,16907,1981,1.6238,(CONTRACTS OF 10 METRIC TONS),cftc_disagg_futures_only_2025,17ac2fef1b53303d01e486bbf5768a4e062308a3c34a2970871f3eab89829cbc,17ac2fef1b53303d01e486bbf5768a4e062308a3c34a2970871f3eab89829cbc,2026-08-20T11:22:31Z
COCOA - ICE FUTURES U.S.,073732,2025-11-04,Tuesday,2025-12-09,2025-12-09T15:30:00-05:00,2025-12-09T20:30:00Z,cftc_official_appropriations_catch_up,cftc_cot_special_announcements_2026_08,122872,18748,14749,17709,3999,3.2546,(CONTRACTS OF 10 METRIC TONS),cftc_disagg_futures_only_2025,17ac2fef1b53303d01e486bbf5768a4e062308a3c34a2970871f3eab89829cbc,17ac2fef1b53303d01e486bbf5768a4e062308a3c34a2970871f3eab89829cbc,2026-08-20T11:22:31Z
COCOA - ICE FUTURES U.S.,073732,2025-11-10,Monday,2025-12-10,2025-12-10T15:30:00-05:00,2025-12-10T20:30:00Z,cftc_official_appropriations_catch_up,cftc_cot_special_announcements_2026_08,119330,18470,16943,16128,1527,1.2796,(CONTRACTS OF 10 METRIC TONS),cftc_disagg_futures_only_2025,17ac2fef1b53303d01e486bbf5768a4e062308a3c34a2970871f3eab89829cbc,17ac2fef1b53303d01e486bbf5768a4e062308a3c34a2970871f3eab89829cbc,2026-08-20T11:22:31Z
COCOA - ICE FUTURES U.S.,073732,2025-11-18,Tuesday,2025-12-12,2025-12-12T15:30:00-05:00,2025-12-12T20:30:00Z,cftc_official_appropriations_catch_up,cftc_cot_special_announcements_2026_08,115855,17902,26469,15277,-8567,-7.3946,(CONTRACTS OF 10 METRIC TONS),cftc_disagg_futures_only_2025,17ac2fef1b53303d01e486bbf5768a4e062308a3c34a2970871f3eab89829cbc,17ac2fef1b53303d01e486bbf5768a4e062308a3c34a2970871f3eab89829cbc,2026-08-20T11:22:31Z
COCOA - ICE FUTURES U.S.,073732,2025-11-25,Tuesday,2025-12-15,2025-12-15T15:30:00-05:00,2025-12-15T20:30:00Z,cftc_official_appropriations_catch_up,cftc_cot_special_announcements_2026_08,119337,18772,29860,18241,-11088,-9.2913,(CONTRACTS OF 10 METRIC TONS),cftc_disagg_futures_only_2025,17ac2fef1b53303d01e486bbf5768a4e062308a3c34a2970871f3eab89829cbc,17ac2fef1b53303d01e486bbf5768a4e062308a3c34a2970871f3eab89829cbc,2026-08-20T11:22:31Z
COCOA - ICE FUTURES U.S.,073732,2025-12-02,Tuesday,2025-12-17,2025-12-17T15:30:00-05:00,2025-12-17T20:30:00Z,cftc_official_appropriations_catch_up,cftc_cot_special_announcements_2026_08,119508,17891,30594,17225,-12703,-10.6294,(CONTRACTS OF 10 METRIC TONS),cftc_disagg_futures_only_2025,17ac2fef1b53303d01e486bbf5768a4e062308a3c34a2970871f3eab89829cbc,17ac2fef1b53303d01e486bbf5768a4e062308a3c34a2970871f3eab89829cbc,2026-08-20T11:22:31Z
COCOA - ICE FUTURES U.S.,073732,2025-12-09,Tuesday,2025-12-19,2025-12-19T15:30:00-05:00,2025-12-19T20:30:00Z,cftc_official_appropriations_catch_up,cftc_cot_special_announcements_2026_08,123407,21255,29753,17821,-8498,-6.8862,(CONTRACTS OF 10 METRIC TONS),cftc_disagg_futures_only_2025,17ac2fef1b53303d01e486bbf5768a4e062308a3c34a2970871f3eab89829cbc,17ac2fef1b53303d01e486bbf5768a4e062308a3c34a2970871f3eab89829cbc,2026-08-20T11:22:31Z
COCOA - ICE FUTURES U.S.,073732,2025-12-16,Tuesday,2025-12-23,2025-12-23T15:30:00-05:00,2025-12-23T20:30:00Z,cftc_official_appropriations_catch_up,cftc_cot_special_announcements_2026_08,119328,21100,25533,16955,-4433,-3.7150,(CONTRACTS OF 10 METRIC TONS),cftc_disagg_futures_only_2025,17ac2fef1b53303d01e486bbf5768a4e062308a3c34a2970871f3eab89829cbc,17ac2fef1b53303d01e486bbf5768a4e062308a3c34a2970871f3eab89829cbc,2026-08-20T11:22:31Z
COCOA - ICE FUTURES U.S.,073732,2025-12-23,Tuesday,2025-12-29,2025-12-29T15:30:00-05:00,2025-12-29T20:30:00Z,cftc_official_appropriations_catch_up,cftc_cot_special_announcements_2026_08,123937,24285,27657,17042,-3372,-2.7207,(CONTRACTS OF 10 METRIC TONS),cftc_disagg_futures_only_2025,17ac2fef1b53303d01e486bbf5768a4e062308a3c34a2970871f3eab89829cbc,17ac2fef1b53303d01e486bbf5768a4e062308a3c34a2970871f3eab89829cbc,2026-08-20T11:22:31Z
COCOA - ICE FUTURES U.S.,073732,2025-12-30,Tuesday,2026-01-05,2026-01-05T15:30:00-05:00,2026-01-05T20:30:00Z,cftc_official_2026_schedule,cftc_cot_release_schedule_2026_08,124018,25563,27279,17498,-1716,-1.3837,(CONTRACTS OF 10 METRIC TONS),cftc_disagg_futures_only_2025,17ac2fef1b53303d01e486bbf5768a4e062308a3c34a2970871f3eab89829cbc,17ac2fef1b53303d01e486bbf5768a4e062308a3c34a2970871f3eab89829cbc,2026-08-20T11:22:31Z
COCOA - ICE FUTURES U.S.,073732,2026-01-06,Tuesday,2026-01-09,2026-01-09T15:30:00-05:00,2026-01-09T20:30:00Z,cftc_official_2026_schedule,cftc_cot_release_schedule_2026_08,127271,27319,27178,17908,141,0.1108,(CONTRACTS OF 10 METRIC TONS),cftc_disagg_futures_only_2026,38e104b6ba1a1d1d017e37fb7a93e7604e0a72d30f913ee9c3a8d3e4d6026c5e,38e104b6ba1a1d1d017e37fb7a93e7604e0a72d30f913ee9c3a8d3e4d6026c5e,2026-08-20T11:22:31Z
COCOA - ICE FUTURES U.S.,073732,2026-01-13,Tuesday,2026-01-16,2026-01-16T15:30:00-05:00,2026-01-16T20:30:00Z,cftc_official_2026_schedule,cftc_cot_release_schedule_2026_08,138452,20438,27545,25521,-7107,-5.1332,(CONTRACTS OF 10 METRIC TONS),cftc_disagg_futures_only_2026,38e104b6ba1a1d1d017e37fb7a93e7604e0a72d30f913ee9c3a8d3e4d6026c5e,38e104b6ba1a1d1d017e37fb7a93e7604e0a72d30f913ee9c3a8d3e4d6026c5e,2026-08-20T11:22:31Z
COCOA - ICE FUTURES U.S.,073732,2026-01-20,Tuesday,2026-01-23,2026-01-23T15:30:00-05:00,2026-01-23T20:30:00Z,cftc_official_2026_schedule,cftc_cot_release_schedule_2026_08,145503,19447,30776,26576,-11329,-7.7861,(CONTRACTS OF 10 METRIC TONS),cftc_disagg_futures_only_2026,38e104b6ba1a1d1d017e37fb7a93e7604e0a72d30f913ee9c3a8d3e4d6026c5e,38e104b6ba1a1d1d017e37fb7a93e7604e0a72d30f913ee9c3a8d3e4d6026c5e,2026-08-20T11:22:31Z
COCOA - ICE FUTURES U.S.,073732,2026-01-27,Tuesday,2026-01-30,2026-01-30T15:30:00-05:00,2026-01-30T20:30:00Z,cftc_official_2026_schedule,cftc_cot_release_schedule_2026_08,149397,20520,30023,26109,-9503,-6.3609,(CONTRACTS OF 10 METRIC TONS),cftc_disagg_futures_only_2026,38e104b6ba1a1d1d017e37fb7a93e7604e0a72d30f913ee9c3a8d3e4d6026c5e,38e104b6ba1a1d1d017e37fb7a93e7604e0a72d30f913ee9c3a8d3e4d6026c5e,2026-08-20T11:22:31Z
COCOA - ICE FUTURES U.S.,073732,2026-02-03,Tuesday,2026-02-06,2026-02-06T15:30:00-05:00,2026-02-06T20:30:00Z,cftc_official_2026_schedule,cftc_cot_release_schedule_2026_08,160254,22079,32409,27950,-10330,-6.4460,(CONTRACTS OF 10 METRIC TONS),cftc_disagg_futures_only_2026,38e104b6ba1a1d1d017e37fb7a93e7604e0a72d30f913ee9c3a8d3e4d6026c5e,38e104b6ba1a1d1d017e37fb7a93e7604e0a72d30f913ee9c3a8d3e4d6026c5e,2026-08-20T11:22:31Z
COCOA - ICE FUTURES U.S.,073732,2026-02-10,Tuesday,2026-02-13,2026-02-13T15:30:00-05:00,2026-02-13T20:30:00Z,cftc_official_2026_schedule,cftc_cot_release_schedule_2026_08,162798,21263,32757,24583,-11494,-7.0603,(CONTRACTS OF 10 METRIC TONS),cftc_disagg_futures_only_2026,38e104b6ba1a1d1d017e37fb7a93e7604e0a72d30f913ee9c3a8d3e4d6026c5e,38e104b6ba1a1d1d017e37fb7a93e7604e0a72d30f913ee9c3a8d3e4d6026c5e,2026-08-20T11:22:31Z
COCOA - ICE FUTURES U.S.,073732,2026-02-17,Tuesday,2026-02-20,2026-02-20T15:30:00-05:00,2026-02-20T20:30:00Z,cftc_official_2026_schedule,cftc_cot_release_schedule_2026_08,154642,21141,33015,26846,-11874,-7.6784,(CONTRACTS OF 10 METRIC TONS),cftc_disagg_futures_only_2026,38e104b6ba1a1d1d017e37fb7a93e7604e0a72d30f913ee9c3a8d3e4d6026c5e,38e104b6ba1a1d1d017e37fb7a93e7604e0a72d30f913ee9c3a8d3e4d6026c5e,2026-08-20T11:22:31Z
COCOA - ICE FUTURES U.S.,073732,2026-02-24,Tuesday,2026-02-27,2026-02-27T15:30:00-05:00,2026-02-27T20:30:00Z,cftc_official_2026_schedule,cftc_cot_release_schedule_2026_08,173446,27536,34452,30398,-6916,-3.9874,(CONTRACTS OF 10 METRIC TONS),cftc_disagg_futures_only_2026,38e104b6ba1a1d1d017e37fb7a93e7604e0a72d30f913ee9c3a8d3e4d6026c5e,38e104b6ba1a1d1d017e37fb7a93e7604e0a72d30f913ee9c3a8d3e4d6026c5e,2026-08-20T11:22:31Z
COCOA - ICE FUTURES U.S.,073732,2026-03-03,Tuesday,2026-03-06,2026-03-06T15:30:00-05:00,2026-03-06T20:30:00Z,cftc_official_2026_schedule,cftc_cot_release_schedule_2026_08,191812,31673,35760,35461,-4087,-2.1307,(CONTRACTS OF 10 METRIC TONS),cftc_disagg_futures_only_2026,38e104b6ba1a1d1d017e37fb7a93e7604e0a72d30f913ee9c3a8d3e4d6026c5e,38e104b6ba1a1d1d017e37fb7a93e7604e0a72d30f913ee9c3a8d3e4d6026c5e,2026-08-20T11:22:31Z
COCOA - ICE FUTURES U.S.,073732,2026-03-10,Tuesday,2026-03-13,2026-03-13T15:30:00-04:00,2026-03-13T19:30:00Z,cftc_official_2026_schedule,cftc_cot_release_schedule_2026_08,192004,30965,38691,33007,-7726,-4.0239,(CONTRACTS OF 10 METRIC TONS),cftc_disagg_futures_only_2026,38e104b6ba1a1d1d017e37fb7a93e7604e0a72d30f913ee9c3a8d3e4d6026c5e,38e104b6ba1a1d1d017e37fb7a93e7604e0a72d30f913ee9c3a8d3e4d6026c5e,2026-08-20T11:22:31Z
COCOA - ICE FUTURES U.S.,073732,2026-03-17,Tuesday,2026-03-20,2026-03-20T15:30:00-04:00,2026-03-20T19:30:00Z,cftc_official_2026_schedule,cftc_cot_release_schedule_2026_08,189306,29425,36529,32375,-7104,-3.7527,(CONTRACTS OF 10 METRIC TONS),cftc_disagg_futures_only_2026,38e104b6ba1a1d1d017e37fb7a93e7604e0a72d30f913ee9c3a8d3e4d6026c5e,38e104b6ba1a1d1d017e37fb7a93e7604e0a72d30f913ee9c3a8d3e4d6026c5e,2026-08-20T11:22:31Z
COCOA - ICE FUTURES U.S.,073732,2026-03-24,Tuesday,2026-03-27,2026-03-27T15:30:00-04:00,2026-03-27T19:30:00Z,cftc_official_2026_schedule,cftc_cot_release_schedule_2026_08,194510,29618,38732,33113,-9114,-4.6856,(CONTRACTS OF 10 METRIC TONS),cftc_disagg_futures_only_2026,38e104b6ba1a1d1d017e37fb7a93e7604e0a72d30f913ee9c3a8d3e4d6026c5e,38e104b6ba1a1d1d017e37fb7a93e7604e0a72d30f913ee9c3a8d3e4d6026c5e,2026-08-20T11:22:31Z
COCOA - ICE FUTURES U.S.,073732,2026-03-31,Tuesday,2026-04-03,2026-04-03T15:30:00-04:00,2026-04-03T19:30:00Z,cftc_official_2026_schedule,cftc_cot_release_schedule_2026_08,203517,30125,40257,36095,-10132,-4.9785,(CONTRACTS OF 10 METRIC TONS),cftc_disagg_futures_only_2026,38e104b6ba1a1d1d017e37fb7a93e7604e0a72d30f913ee9c3a8d3e4d6026c5e,38e104b6ba1a1d1d017e37fb7a93e7604e0a72d30f913ee9c3a8d3e4d6026c5e,2026-08-20T11:22:31Z
COCOA - ICE FUTURES U.S.,073732,2026-04-07,Tuesday,2026-04-10,2026-04-10T15:30:00-04:00,2026-04-10T19:30:00Z,cftc_official_2026_schedule,cftc_cot_release_schedule_2026_08,204934,29761,42377,33059,-12616,-6.1561,(CONTRACTS OF 10 METRIC TONS),cftc_disagg_futures_only_2026,38e104b6ba1a1d1d017e37fb7a93e7604e0a72d30f913ee9c3a8d3e4d6026c5e,38e104b6ba1a1d1d017e37fb7a93e7604e0a72d30f913ee9c3a8d3e4d6026c5e,2026-08-20T11:22:31Z
COCOA - ICE FUTURES U.S.,073732,2026-04-14,Tuesday,2026-04-17,2026-04-17T15:30:00-04:00,2026-04-17T19:30:00Z,cftc_official_2026_schedule,cftc_cot_release_schedule_2026_08,196601,29553,43568,28102,-14015,-7.1287,(CONTRACTS OF 10 METRIC TONS),cftc_disagg_futures_only_2026,38e104b6ba1a1d1d017e37fb7a93e7604e0a72d30f913ee9c3a8d3e4d6026c5e,38e104b6ba1a1d1d017e37fb7a93e7604e0a72d30f913ee9c3a8d3e4d6026c5e,2026-08-20T11:22:31Z
COCOA - ICE FUTURES U.S.,073732,2026-04-21,Tuesday,2026-04-24,2026-04-24T15:30:00-04:00,2026-04-24T19:30:00Z,cftc_official_2026_schedule,cftc_cot_release_schedule_2026_08,194519,30321,43682,25979,-13361,-6.8687,(CONTRACTS OF 10 METRIC TONS),cftc_disagg_futures_only_2026,38e104b6ba1a1d1d017e37fb7a93e7604e0a72d30f913ee9c3a8d3e4d6026c5e,38e104b6ba1a1d1d017e37fb7a93e7604e0a72d30f913ee9c3a8d3e4d6026c5e,2026-08-20T11:22:31Z
COCOA - ICE FUTURES U.S.,073732,2026-04-28,Tuesday,2026-05-01,2026-05-01T15:30:00-04:00,2026-05-01T19:30:00Z,cftc_official_2026_schedule,cftc_cot_release_schedule_2026_08,197114,29420,46526,27806,-17106,-8.6782,(CONTRACTS OF 10 METRIC TONS),cftc_disagg_futures_only_2026,38e104b6ba1a1d1d017e37fb7a93e7604e0a72d30f913ee9c3a8d3e4d6026c5e,38e104b6ba1a1d1d017e37fb7a93e7604e0a72d30f913ee9c3a8d3e4d6026c5e,2026-08-20T11:22:31Z
COCOA - ICE FUTURES U.S.,073732,2026-05-05,Tuesday,2026-05-08,2026-05-08T15:30:00-04:00,2026-05-08T19:30:00Z,cftc_official_2026_schedule,cftc_cot_release_schedule_2026_08,200360,31662,43254,27620,-11592,-5.7856,(CONTRACTS OF 10 METRIC TONS),cftc_disagg_futures_only_2026,38e104b6ba1a1d1d017e37fb7a93e7604e0a72d30f913ee9c3a8d3e4d6026c5e,38e104b6ba1a1d1d017e37fb7a93e7604e0a72d30f913ee9c3a8d3e4d6026c5e,2026-08-20T11:22:31Z
COCOA - ICE FUTURES U.S.,073732,2026-05-12,Tuesday,2026-05-15,2026-05-15T15:30:00-04:00,2026-05-15T19:30:00Z,cftc_official_2026_schedule,cftc_cot_release_schedule_2026_08,194369,26497,36409,24024,-9912,-5.0996,(CONTRACTS OF 10 METRIC TONS),cftc_disagg_futures_only_2026,38e104b6ba1a1d1d017e37fb7a93e7604e0a72d30f913ee9c3a8d3e4d6026c5e,38e104b6ba1a1d1d017e37fb7a93e7604e0a72d30f913ee9c3a8d3e4d6026c5e,2026-08-20T11:22:31Z
COCOA - ICE FUTURES U.S.,073732,2026-05-19,Tuesday,2026-05-22,2026-05-22T15:30:00-04:00,2026-05-22T19:30:00Z,cftc_official_2026_schedule,cftc_cot_release_schedule_2026_08,193578,22577,35039,26494,-12462,-6.4377,(CONTRACTS OF 10 METRIC TONS),cftc_disagg_futures_only_2026,38e104b6ba1a1d1d017e37fb7a93e7604e0a72d30f913ee9c3a8d3e4d6026c5e,38e104b6ba1a1d1d017e37fb7a93e7604e0a72d30f913ee9c3a8d3e4d6026c5e,2026-08-20T11:22:31Z
COCOA - ICE FUTURES U.S.,073732,2026-05-26,Tuesday,2026-05-29,2026-05-29T15:30:00-04:00,2026-05-29T19:30:00Z,cftc_official_2026_schedule,cftc_cot_release_schedule_2026_08,202939,22621,36437,29666,-13816,-6.8080,(CONTRACTS OF 10 METRIC TONS),cftc_disagg_futures_only_2026,38e104b6ba1a1d1d017e37fb7a93e7604e0a72d30f913ee9c3a8d3e4d6026c5e,38e104b6ba1a1d1d017e37fb7a93e7604e0a72d30f913ee9c3a8d3e4d6026c5e,2026-08-20T11:22:31Z
COCOA - ICE FUTURES U.S.,073732,2026-06-02,Tuesday,2026-06-05,2026-06-05T15:30:00-04:00,2026-06-05T19:30:00Z,cftc_official_2026_schedule,cftc_cot_release_schedule_2026_08,205076,22421,39025,27701,-16604,-8.0965,(CONTRACTS OF 10 METRIC TONS),cftc_disagg_futures_only_2026,38e104b6ba1a1d1d017e37fb7a93e7604e0a72d30f913ee9c3a8d3e4d6026c5e,38e104b6ba1a1d1d017e37fb7a93e7604e0a72d30f913ee9c3a8d3e4d6026c5e,2026-08-20T11:22:31Z
COCOA - ICE FUTURES U.S.,073732,2026-06-09,Tuesday,2026-06-12,2026-06-12T15:30:00-04:00,2026-06-12T19:30:00Z,cftc_official_2026_schedule,cftc_cot_release_schedule_2026_08,203246,20542,43626,26773,-23084,-11.3577,(CONTRACTS OF 10 METRIC TONS),cftc_disagg_futures_only_2026,38e104b6ba1a1d1d017e37fb7a93e7604e0a72d30f913ee9c3a8d3e4d6026c5e,38e104b6ba1a1d1d017e37fb7a93e7604e0a72d30f913ee9c3a8d3e4d6026c5e,2026-08-20T11:22:31Z
COCOA - ICE FUTURES U.S.,073732,2026-06-16,Tuesday,2026-06-22,2026-06-22T15:30:00-04:00,2026-06-22T19:30:00Z,cftc_official_2026_schedule,cftc_cot_release_schedule_2026_08,193018,22730,43286,25473,-20556,-10.6498,(CONTRACTS OF 10 METRIC TONS),cftc_disagg_futures_only_2026,38e104b6ba1a1d1d017e37fb7a93e7604e0a72d30f913ee9c3a8d3e4d6026c5e,38e104b6ba1a1d1d017e37fb7a93e7604e0a72d30f913ee9c3a8d3e4d6026c5e,2026-08-20T11:22:31Z
COCOA - ICE FUTURES U.S.,073732,2026-06-23,Tuesday,2026-06-26,2026-06-26T15:30:00-04:00,2026-06-26T19:30:00Z,cftc_official_2026_schedule,cftc_cot_release_schedule_2026_08,182500,21289,39388,20963,-18099,-9.9173,(CONTRACTS OF 10 METRIC TONS),cftc_disagg_futures_only_2026,38e104b6ba1a1d1d017e37fb7a93e7604e0a72d30f913ee9c3a8d3e4d6026c5e,38e104b6ba1a1d1d017e37fb7a93e7604e0a72d30f913ee9c3a8d3e4d6026c5e,2026-08-20T11:22:31Z
COCOA - ICE FUTURES U.S.,073732,2026-06-30,Tuesday,2026-07-06,2026-07-06T15:30:00-04:00,2026-07-06T19:30:00Z,cftc_official_2026_schedule,cftc_cot_release_schedule_2026_08,186481,21837,32362,22361,-10525,-5.6440,(CONTRACTS OF 10 METRIC TONS),cftc_disagg_futures_only_2026,38e104b6ba1a1d1d017e37fb7a93e7604e0a72d30f913ee9c3a8d3e4d6026c5e,38e104b6ba1a1d1d017e37fb7a93e7604e0a72d30f913ee9c3a8d3e4d6026c5e,2026-08-20T11:22:31Z
COCOA - ICE FUTURES U.S.,073732,2026-07-07,Tuesday,2026-07-10,2026-07-10T15:30:00-04:00,2026-07-10T19:30:00Z,cftc_official_2026_schedule,cftc_cot_release_schedule_2026_08,197971,23141,29005,26862,-5864,-2.9620,(CONTRACTS OF 10 METRIC TONS),cftc_disagg_futures_only_2026,38e104b6ba1a1d1d017e37fb7a93e7604e0a72d30f913ee9c3a8d3e4d6026c5e,38e104b6ba1a1d1d017e37fb7a93e7604e0a72d30f913ee9c3a8d3e4d6026c5e,2026-08-20T11:22:31Z
COCOA - ICE FUTURES U.S.,073732,2026-07-14,Tuesday,2026-07-17,2026-07-17T15:30:00-04:00,2026-07-17T19:30:00Z,cftc_official_2026_schedule,cftc_cot_release_schedule_2026_08,203748,19309,26423,31773,-7114,-3.4916,(CONTRACTS OF 10 METRIC TONS),cftc_disagg_futures_only_2026,38e104b6ba1a1d1d017e37fb7a93e7604e0a72d30f913ee9c3a8d3e4d6026c5e,38e104b6ba1a1d1d017e37fb7a93e7604e0a72d30f913ee9c3a8d3e4d6026c5e,2026-08-20T11:22:31Z
COCOA - ICE FUTURES U.S.,073732,2026-07-21,Tuesday,2026-07-24,2026-07-24T15:30:00-04:00,2026-07-24T19:30:00Z,cftc_official_2026_schedule,cftc_cot_release_schedule_2026_08,201552,20638,27614,32440,-6976,-3.4611,(CONTRACTS OF 10 METRIC TONS),cftc_disagg_futures_only_2026,38e104b6ba1a1d1d017e37fb7a93e7604e0a72d30f913ee9c3a8d3e4d6026c5e,38e104b6ba1a1d1d017e37fb7a93e7604e0a72d30f913ee9c3a8d3e4d6026c5e,2026-08-20T11:22:31Z
COCOA - ICE FUTURES U.S.,073732,2026-07-28,Tuesday,2026-07-31,2026-07-31T15:30:00-04:00,2026-07-31T19:30:00Z,cftc_official_2026_schedule,cftc_cot_release_schedule_2026_08,201223,20277,29050,33238,-8773,-4.3598,(CONTRACTS OF 10 METRIC TONS),cftc_disagg_futures_only_2026,38e104b6ba1a1d1d017e37fb7a93e7604e0a72d30f913ee9c3a8d3e4d6026c5e,38e104b6ba1a1d1d017e37fb7a93e7604e0a72d30f913ee9c3a8d3e4d6026c5e,2026-08-20T11:22:31Z
COCOA - ICE FUTURES U.S.,073732,2026-08-04,Tuesday,2026-08-07,2026-08-07T15:30:00-04:00,2026-08-07T19:30:00Z,cftc_official_2026_schedule,cftc_cot_release_schedule_2026_08,203398,22805,27475,31955,-4670,-2.2960,(CONTRACTS OF 10 METRIC TONS),cftc_disagg_futures_only_2026,38e104b6ba1a1d1d017e37fb7a93e7604e0a72d30f913ee9c3a8d3e4d6026c5e,38e104b6ba1a1d1d017e37fb7a93e7604e0a72d30f913ee9c3a8d3e4d6026c5e,2026-08-20T11:22:31Z
COCOA - ICE FUTURES U.S.,073732,2026-08-11,Tuesday,2026-08-14,2026-08-14T15:30:00-04:00,2026-08-14T19:30:00Z,cftc_official_2026_schedule,cftc_cot_release_schedule_2026_08,190891,22955,29622,27840,-6667,-3.4926,(CONTRACTS OF 10 METRIC TONS),cftc_disagg_futures_only_2026,38e104b6ba1a1d1d017e37fb7a93e7604e0a72d30f913ee9c3a8d3e4d6026c5e,38e104b6ba1a1d1d017e37fb7a93e7604e0a72d30f913ee9c3a8d3e4d6026c5e,2026-08-20T11:22:31Z
